Housing Unit Building Permits for:,,,,,,,,,,,,,,,,,,,,,,,,,,,,,,,,,,,,,,,
"AUBURN, ME",,,,,,,,,,,,,,,,,,,,,,,,,,,,,,,,,,,,,,,
(Androscoggin County),,,,,,,,,,,,,,,,,,,,,,,,,,,,,,,,,,,,,,,
,1980,1981,1982,1983,1984,1985,1986,1987,1988,1989,1990,1991,1992,1993,1994,1995,1996,1997,1998,1999,2000,2001,2002,2003,2004,2005,2006,2007,2008,2009,2010,2011,2012,2013,2014,2015,2016,2017,2018
Total Units,40,111,44,59,87,177,204,128,264,199,33,20,45,34,40,39,21,22,22,28,35,48,55,62,71,75,65,39,34,31,35,17,18,19,23,8,33,71,66
Units in Single-Family Structures,40,91,20,59,45,56,88,50,78,65,27,20,19,34,38,35,21,22,22,20,26,40,40,49,69,68,59,37,24,25,25,17,16,17,23,8,25,24,28
Units in All Multi-Family Structures,0,20,24,0,42,121,116,78,186,134,6,0,26,0,2,4,0,0,0,8,9,8,15,13,2,7,6,2,10,6,10,0,2,2,0,0,8,47,38
Units in 2-unit Multi-Family Structures,0,0,0,0,6,4,8,4,6,8,6,0,0,0,2,4,0,0,0,2,0,2,12,4,2,4,6,2,10,6,10,0,2,2,0,0,2,6,2
Units in 3- and 4-unit Multi-Family Structures,0,8,0,0,0,0,3,26,0,0,0,0,0,0,0,0,0,0,0,0,9,6,3,9,0,3,0,0,0,0,0,0,0,0,0,0,0,0,0
Units in 5+ Unit Multi-Family Structures,0,12,24,0,36,117,105,48,180,126,0,0,26,0,0,0,0,0,0,6,0,0,0,0,0,0,0,0,0,0,0,0,0,0,0,0,6,41,36
,,,,,,,,,,,,,,,,,,,,,,,,,,,,,,,,,,,,,,,
Housing Unit Building Permits for:,,,,,,,,,,,,,,,,,,,,,,,,,,,,,,,,,,,,,,,
"DURHAM TOWN, ME",,,,,,,,,,,,,,,,,,,,,,,,,,,,,,,,,,,,,,,
(Androscoggin County),,,,,,,,,,,,,,,,,,,,,,,,,,,,,,,,,,,,,,,
,1980,1981,1982,1983,1984,1985,1986,1987,1988,1989,1990,1991,1992,1993,1994,1995,1996,1997,1998,1999,2000,2001,2002,2003,2004,2005,2006,2007,2008,2009,2010,2011,2012,2013,2014,2015,2016,2017,2018
Total Units,26,13,23,38,79,37,54,57,57,28,15,8,20,20,33,26,63,53,58,33,31,44,49,50,52,50,29,15,14,10,14,9,9,8,10,9,10,14,16
Units in Single-Family Structures,26,13,21,34,73,37,52,55,53,28,15,8,20,20,33,26,63,53,58,33,31,44,49,50,52,50,29,15,14,10,14,9,9,8,10,9,10,14,16
Units in All Multi-Family Structures,0,0,2,4,6,0,2,2,4,0,0,0,0,0,0,0,0,0,0,0,0,0,0,0,0,0,0,0,0,0,0,0,0,0,0,0,0,0,0
Units in 2-unit Multi-Family Structures,0,0,2,4,6,0,2,2,4,0,0,0,0,0,0,0,0,0,0,0,0,0,0,0,0,0,0,0,0,0,0,0,0,0,0,0,0,0,0
Units in 3- and 4-unit Multi-Family Structures,0,0,0,0,0,0,0,0,0,0,0,0,0,0,0,0,0,0,0,0,0,0,0,0,0,0,0,0,0,0,0,0,0,0,0,0,0,0,0
Units in 5+ Unit Multi-Family Structures,0,0,0,0,0,0,0,0,0,0,0,0,0,0,0,0,0,0,0,0,0,0,0,0,0,0,0,0,0,0,0,0,0,0,0,0,0,0,0
,,,,,,,,,,,,,,,,,,,,,,,,,,,,,,,,,,,,,,,
Housing Unit Building Permits for:,,,,,,,,,,,,,,,,,,,,,,,,,,,,,,,,,,,,,,,
"POLAND TOWN, ME",,,,,,,,,,,,,,,,,,,,,,,,,,,,,,,,,,,,,,,
(Androscoggin County),,,,,,,,,,,,,,,,,,,,,,,,,,,,,,,,,,,,,,,
,1980,1981,1982,1983,1984,1985,1986,1987,1988,1989,1990,1991,1992,1993,1994,1995,1996,1997,1998,1999,2000,2001,2002,2003,2004,2005,2006,2007,2008,2009,2010,2011,2012,2013,2014,2015,2016,2017,2018
Total Units,20,15,16,22,20,38,152,35,52,44,25,20,29,35,40,21,22,24,35,27,29,24,55,51,60,48,29,44,31,21,22,19,42,28,14,14,29,25,29
Units in Single-Family Structures,20,15,16,22,20,38,150,35,46,42,25,20,29,35,40,21,22,22,35,27,27,24,55,51,60,40,29,44,31,19,22,17,42,28,14,14,27,25,25
Units in All Multi-Family Structures,0,0,0,0,0,0,2,0,6,2,0,0,0,0,0,0,0,2,0,0,2,0,0,0,0,8,0,0,0,2,0,2,0,0,0,0,2,0,4
Units in 2-unit Multi-Family Structures,0,0,0,0,0,0,2,0,6,2,0,0,0,0,0,0,0,2,0,0,2,0,0,0,0,8,0,0,0,2,0,2,0,0,0,0,2,0,4
Units in 3- and 4-unit Multi-Family Structures,0,0,0,0,0,0,0,0,0,0,0,0,0,0,0,0,0,0,0,0,0,0,0,0,0,0,0,0,0,0,0,0,0,0,0,0,0,0,0
Units in 5+ Unit Multi-Family Structures,0,0,0,0,0,0,0,0,0,0,0,0,0,0,0,0,0,0,0,0,0,0,0,0,0,0,0,0,0,0,0,0,0,0,0,0,0,0,0
,,,,,,,,,,,,,,,,,,,,,,,,,,,,,,,,,,,,,,,
Housing Unit Building Permits for:,,,,,,,,,,,,,,,,,,,,,,,,,,,,,,,,,,,,,,,
"BALDWIN TOWN, ME",,,,,,,,,,,,,,,,,,,,,,,,,,,,,,,,,,,,,,,
(Cumberland County),,,,,,,,,,,,,,,,,,,,,,,,,,,,,,,,,,,,,,,
,1980,1981,1982,1983,1984,1985,1986,1987,1988,1989,1990,1991,1992,1993,1994,1995,1996,1997,1998,1999,2000,2001,2002,2003,2004,2005,2006,2007,2008,2009,2010,2011,2012,2013,2014,2015,2016,2017,2018
Total Units,2,2,2,3,3,5,6,7,6,5,4,12,5,5,9,6,7,4,7,9,7,8,13,13,20,22,10,8,3,6,9,5,5,6,3,6,8,8,12
Units in Single-Family Structures,2,2,2,3,3,5,6,7,6,5,4,12,5,5,9,6,7,4,7,9,7,8,13,13,20,22,10,8,3,6,9,5,5,6,3,6,8,8,12
Units in All Multi-Family Structures,0,0,0,0,0,0,0,0,0,0,0,0,0,0,0,0,0,0,0,0,0,0,0,0,0,0,0,0,0,0,0,0,0,0,0,0,0,0,0
Units in 2-unit Multi-Family Structures,0,0,0,0,0,0,0,0,0,0,0,0,0,0,0,0,0,0,0,0,0,0,0,0,0,0,0,0,0,0,0,0,0,0,0,0,0,0,0
Units in 3- and 4-unit Multi-Family Structures,0,0,0,0,0,0,0,0,0,0,0,0,0,0,0,0,0,0,0,0,0,0,0,0,0,0,0,0,0,0,0,0,0,0,0,0,0,0,0
Units in 5+ Unit Multi-Family Structures,0,0,0,0,0,0,0,0,0,0,0,0,0,0,0,0,0,0,0,0,0,0,0,0,0,0,0,0,0,0,0,0,0,0,0,0,0,0,0
,,,,,,,,,,,,,,,,,,,,,,,,,,,,,,,,,,,,,,,
Housing Unit Building Permits for:,,,,,,,,,,,,,,,,,,,,,,,,,,,,,,,,,,,,,,,
"BRIDGTON TOWN, ME",,,,,,,,,,,,,,,,,,,,,,,,,,,,,,,,,,,,,,,
(Cumberland County),,,,,,,,,,,,,,,,,,,,,,,,,,,,,,,,,,,,,,,
,1980,1981,1982,1983,1984,1985,1986,1987,1988,1989,1990,1991,1992,1993,1994,1995,1996,1997,1998,1999,2000,2001,2002,2003,2004,2005,2006,2007,2008,2009,2010,2011,2012,2013,2014,2015,2016,2017,2018
Total Units,21,18,22,34,84,69,102,272,155,58,54,31,32,57,35,17,15,28,24,53,42,57,68,94,81,99,104,58,36,31,29,26,22,23,16,17,20,24,69
Units in Single-Family Structures,21,18,22,34,24,47,52,102,151,54,51,31,32,57,35,17,15,28,24,33,42,57,68,94,81,99,104,58,34,31,29,26,22,23,16,17,20,24,43
Units in All Multi-Family Structures,0,0,0,0,60,22,50,170,4,4,3,0,0,0,0,0,0,0,0,20,0,0,0,0,0,0,0,0,2,0,0,0,0,0,0,0,0,0,26
Units in 2-unit Multi-Family Structures,0,0,0,0,0,0,0,8,0,0,0,0,0,0,0,0,0,0,0,8,0,0,0,0,0,0,0,0,2,0,0,0,0,0,0,0,0,0,0
Units in 3- and 4-unit Multi-Family Structures,0,0,0,0,0,0,0,0,4,4,3,0,0,0,0,0,0,0,0,12,0,0,0,0,0,0,0,0,0,0,0,0,0,0,0,0,0,0,0
Units in 5+ Unit Multi-Family Structures,0,0,0,0,60,22,50,162,0,0,0,0,0,0,0,0,0,0,0,0,0,0,0,0,0,0,0,0,0,0,0,0,0,0,0,0,0,0,26
,,,,,,,,,,,,,,,,,,,,,,,,,,,,,,,,,,,,,,,
Housing Unit Building Permits for:,,,,,,,,,,,,,,,,,,,,,,,,,,,,,,,,,,,,,,,
"BRUNSWICK TOWN, ME",,,,,,,,,,,,,,,,,,,,,,,,,,,,,,,,,,,,,,,
(Cumberland County),,,,,,,,,,,,,,,,,,,,,,,,,,,,,,,,,,,,,,,
,1980,1981,1982,1983,1984,1985,1986,1987,1988,1989,1990,1991,1992,1993,1994,1995,1996,1997,1998,1999,2000,2001,2002,2003,2004,2005,2006,2007,2008,2009,2010,2011,2012,2013,2014,2015,2016,2017,2018
Total Units,39,49,48,149,252,162,273,255,138,87,64,30,100,71,32,40,50,80,63,100,86,88,111,122,96,86,121,68,21,21,26,22,26,34,34,23,59,35,57
Units in Single-Family Structures,39,30,45,78,160,151,183,243,126,73,64,30,58,46,32,38,46,48,59,74,86,88,97,104,77,80,73,66,21,21,26,20,26,34,34,21,35,33,57
Units in All Multi-Family Structures,0,19,3,71,92,11,90,12,12,14,0,0,42,25,0,2,4,32,4,26,0,0,14,18,19,6,48,2,0,0,0,2,0,0,0,2,24,2,0
Units in 2-unit Multi-Family Structures,0,0,0,2,4,8,0,0,0,0,0,0,26,2,0,2,0,6,4,0,0,0,4,6,2,6,0,2,0,0,0,2,0,0,0,2,0,2,0
Units in 3- and 4-unit Multi-Family Structures,0,19,3,19,0,3,27,0,0,8,0,0,9,0,0,0,4,0,0,0,0,0,0,12,17,0,0,0,0,0,0,0,0,0,0,0,0,0,0
Units in 5+ Unit Multi-Family Structures,0,0,0,50,88,0,63,12,12,6,0,0,7,23,0,0,0,26,0,26,0,0,10,0,0,0,48,0,0,0,0,0,0,0,0,0,24,0,0
,,,,,,,,,,,,,,,,,,,,,,,,,,,,,,,,,,,,,,,
Housing Unit Building Permits for:,,,,,,,,,,,,,,,,,,,,,,,,,,,,,,,,,,,,,,,
"CAPE ELIZABETH TOWN, ME",,,,,,,,,,,,,,,,,,,,,,,,,,,,,,,,,,,,,,,
(Cumberland County),,,,,,,,,,,,,,,,,,,,,,,,,,,,,,,,,,,,,,,
,1980,1981,1982,1983,1984,1985,1986,1987,1988,1989,1990,1991,1992,1993,1994,1995,1996,1997,1998,1999,2000,2001,2002,2003,2004,2005,2006,2007,2008,2009,2010,2011,2012,2013,2014,2015,2016,2017,2018
Total Units,57,34,33,54,63,60,77,108,43,31,26,22,24,34,35,21,25,24,29,23,26,30,35,26,22,23,20,11,12,15,15,12,11,28,26,24,29,32,22
Units in Single-Family Structures,21,34,29,54,63,60,69,108,43,31,26,22,24,34,35,18,25,24,29,23,26,30,35,26,22,23,20,11,12,15,15,12,11,26,26,24,29,22,22
Units in All Multi-Family Structures,36,0,4,0,0,0,8,0,0,0,0,0,0,0,0,3,0,0,0,0,0,0,0,0,0,0,0,0,0,0,0,0,0,2,0,0,0,10,0
Units in 2-unit Multi-Family Structures,2,0,0,0,0,0,0,0,0,0,0,0,0,0,0,0,0,0,0,0,0,0,0,0,0,0,0,0,0,0,0,0,0,2,0,0,0,0,0
Units in 3- and 4-unit Multi-Family Structures,28,0,4,0,0,0,0,0,0,0,0,0,0,0,0,3,0,0,0,0,0,0,0,0,0,0,0,0,0,0,0,0,0,0,0,0,0,0,0
Units in 5+ Unit Multi-Family Structures,6,0,0,0,0,0,8,0,0,0,0,0,0,0,0,0,0,0,0,0,0,0,0,0,0,0,0,0,0,0,0,0,0,0,0,0,0,10,0
,,,,,,,,,,,,,,,,,,,,,,,,,,,,,,,,,,,,,,,
Housing Unit Building Permits for:,,,,,,,,,,,,,,,,,,,,,,,,,,,,,,,,,,,,,,,
"CASCO TOWN, ME",,,,,,,,,,,,,,,,,,,,,,,,,,,,,,,,,,,,,,,
(Cumberland County),,,,,,,,,,,,,,,,,,,,,,,,,,,,,,,,,,,,,,,
,1980,1981,1982,1983,1984,1985,1986,1987,1988,1989,1990,1991,1992,1993,1994,1995,1996,1997,1998,1999,2000,2001,2002,2003,2004,2005,2006,2007,2008,2009,2010,2011,2012,2013,2014,2015,2016,2017,2018
Total Units,13,15,8,12,18,32,57,62,31,35,26,14,21,17,21,16,13,13,26,30,26,30,28,25,54,57,49,42,11,12,13,19,21,26,24,33,19,20,15
Units in Single-Family Structures,13,15,8,12,16,28,44,54,29,23,26,14,21,17,21,16,13,13,26,30,26,26,25,25,54,57,49,42,11,12,13,19,21,26,24,33,19,20,15
Units in All Multi-Family Structures,0,0,0,0,2,4,13,8,2,12,0,0,0,0,0,0,0,0,0,0,0,4,3,0,0,0,0,0,0,0,0,0,0,0,0,0,0,0,0
Units in 2-unit Multi-Family Structures,0,0,0,0,2,4,6,0,2,0,0,0,0,0,0,0,0,0,0,0,0,0,0,0,0,0,0,0,0,0,0,0,0,0,0,0,0,0,0
Units in 3- and 4-unit Multi-Family Structures,0,0,0,0,0,0,7,8,0,0,0,0,0,0,0,0,0,0,0,0,0,4,3,0,0,0,0,0,0,0,0,0,0,0,0,0,0,0,0
Units in 5+ Unit Multi-Family Structures,0,0,0,0,0,0,0,0,0,12,0,0,0,0,0,0,0,0,0,0,0,0,0,0,0,0,0,0,0,0,0,0,0,0,0,0,0,0,0
,,,,,,,,,,,,,,,,,,,,,,,,,,,,,,,,,,,,,,,
Housing Unit Building Permits for:,,,,,,,,,,,,,,,,,,,,,,,,,,,,,,,,,,,,,,,
"CHEBEAGUE ISLAND TOWN, ME",,,,,,,,,,,,,,,,,,,,,,,,,,,,,,,,,,,,,,,
(Cumberland County),,,,,,,,,,,,,,,,,,,,,,,,,,,,,,,,,,,,,,,
,1980,1981,1982,1983,1984,1985,1986,1987,1988,1989,1990,1991,1992,1993,1994,1995,1996,1997,1998,1999,2000,2001,2002,2003,2004,2005,2006,2007,2008,2009,2010,2011,2012,2013,2014,2015,2016,2017,2018
Total Units,0,0,0,0,0,0,0,0,0,0,0,0,0,0,0,0,0,0,0,0,0,0,0,0,0,0,0,0,2,0,1,3,1,1,4,4,0,4,0
Units in Single-Family Structures,0,0,0,0,0,0,0,0,0,0,0,0,0,0,0,0,0,0,0,0,0,0,0,0,0,0,0,0,2,0,1,3,1,1,4,4,0,4,0
Units in All Multi-Family Structures,0,0,0,0,0,0,0,0,0,0,0,0,0,0,0,0,0,0,0,0,0,0,0,0,0,0,0,0,0,0,0,0,0,0,0,0,0,0,0
Units in 2-unit Multi-Family Structures,0,0,0,0,0,0,0,0,0,0,0,0,0,0,0,0,0,0,0,0,0,0,0,0,0,0,0,0,0,0,0,0,0,0,0,0,0,0,0
Units in 3- and 4-unit Multi-Family Structures,0,0,0,0,0,0,0,0,0,0,0,0,0,0,0,0,0,0,0,0,0,0,0,0,0,0,0,0,0,0,0,0,0,0,0,0,0,0,0
Units in 5+ Unit Multi-Family Structures,0,0,0,0,0,0,0,0,0,0,0,0,0,0,0,0,0,0,0,0,0,0,0,0,0,0,0,0,0,0,0,0,0,0,0,0,0,0,0
,,,,,,,,,,,,,,,,,,,,,,,,,,,,,,,,,,,,,,,
Housing Unit Building Permits for:,,,,,,,,,,,,,,,,,,,,,,,,,,,,,,,,,,,,,,,
"CUMBERLAND TOWN, ME",,,,,,,,,,,,,,,,,,,,,,,,,,,,,,,,,,,,,,,
(Cumberland County),,,,,,,,,,,,,,,,,,,,,,,,,,,,,,,,,,,,,,,
,1980,1981,1982,1983,1984,1985,1986,1987,1988,1989,1990,1991,1992,1993,1994,1995,1996,1997,1998,1999,2000,2001,2002,2003,2004,2005,2006,2007,2008,2009,2010,2011,2012,2013,2014,2015,2016,2017,2018
Total Units,32,19,18,31,45,72,160,80,42,39,34,44,70,62,53,43,44,43,65,38,86,56,40,70,67,51,39,31,22,17,15,22,25,65,59,57,156,36,31
Units in Single-Family Structures,23,19,18,31,45,72,160,80,42,37,34,44,70,60,51,43,44,43,65,38,86,56,40,43,53,41,27,29,22,17,15,22,25,65,59,57,60,34,25
Units in All Multi-Family Structures,9,0,0,0,0,0,0,0,0,2,0,0,0,2,2,0,0,0,0,0,0,0,0,27,14,10,12,2,0,0,0,0,0,0,0,0,96,2,6
Units in 2-unit Multi-Family Structures,6,0,0,0,0,0,0,0,0,2,0,0,0,2,2,0,0,0,0,0,0,0,0,24,14,10,2,2,0,0,0,0,0,0,0,0,0,2,2
Units in 3- and 4-unit Multi-Family Structures,3,0,0,0,0,0,0,0,0,0,0,0,0,0,0,0,0,0,0,0,0,0,0,3,0,0,10,0,0,0,0,0,0,0,0,0,0,0,4
Units in 5+ Unit Multi-Family Structures,0,0,0,0,0,0,0,0,0,0,0,0,0,0,0,0,0,0,0,0,0,0,0,0,0,0,0,0,0,0,0,0,0,0,0,0,96,0,0
,,,,,,,,,,,,,,,,,,,,,,,,,,,,,,,,,,,,,,,
Housing Unit Building Permits for:,,,,,,,,,,,,,,,,,,,,,,,,,,,,,,,,,,,,,,,
"FALMOUTH TOWN, ME",,,,,,,,,,,,,,,,,,,,,,,,,,,,,,,,,,,,,,,
(Cumberland County),,,,,,,,,,,,,,,,,,,,,,,,,,,,,,,,,,,,,,,
,1980,1981,1982,1983,1984,1985,1986,1987,1988,1989,1990,1991,1992,1993,1994,1995,1996,1997,1998,1999,2000,2001,2002,2003,2004,2005,2006,2007,2008,2009,2010,2011,2012,2013,2014,2015,2016,2017,2018
Total Units,11,38,24,48,52,124,48,57,50,49,48,53,67,63,86,110,95,84,106,113,89,55,66,60,44,52,66,62,30,50,40,42,37,98,101,63,64,63,69
Units in Single-Family Structures,7,19,24,37,52,74,48,57,50,49,48,53,67,63,86,104,92,84,102,103,89,55,66,60,44,52,66,62,30,50,40,42,37,62,41,63,64,61,57
Units in All Multi-Family Structures,4,19,0,11,0,50,0,0,0,0,0,0,0,0,0,6,3,0,4,10,0,0,0,0,0,0,0,0,0,0,0,0,0,36,60,0,0,2,12
Units in 2-unit Multi-Family Structures,0,4,0,4,0,0,0,0,0,0,0,0,0,0,0,6,0,0,4,10,0,0,0,0,0,0,0,0,0,0,0,0,0,0,0,0,0,2,2
Units in 3- and 4-unit Multi-Family Structures,4,15,0,7,0,0,0,0,0,0,0,0,0,0,0,0,3,0,0,0,0,0,0,0,0,0,0,0,0,0,0,0,0,0,0,0,0,0,0
Units in 5+ Unit Multi-Family Structures,0,0,0,0,0,50,0,0,0,0,0,0,0,0,0,0,0,0,0,0,0,0,0,0,0,0,0,0,0,0,0,0,0,36,60,0,0,0,10
,,,,,,,,,,,,,,,,,,,,,,,,,,,,,,,,,,,,,,,
Housing Unit Building Permits for:,,,,,,,,,,,,,,,,,,,,,,,,,,,,,,,,,,,,,,,
"FREEPORT TOWN, ME",,,,,,,,,,,,,,,,,,,,,,,,,,,,,,,,,,,,,,,
(Cumberland County),,,,,,,,,,,,,,,,,,,,,,,,,,,,,,,,,,,,,,,
,1980,1981,1982,1983,1984,1985,1986,1987,1988,1989,1990,1991,1992,1993,1994,1995,1996,1997,1998,1999,2000,2001,2002,2003,2004,2005,2006,2007,2008,2009,2010,2011,2012,2013,2014,2015,2016,2017,2018
Total Units,47,17,26,83,77,70,66,84,99,41,29,25,35,43,45,30,75,49,40,51,45,48,41,57,50,96,63,26,24,20,26,50,37,50,40,58,46,52,49
Units in Single-Family Structures,21,17,26,41,77,54,58,68,45,41,29,21,35,43,45,30,45,49,40,49,45,44,37,57,48,82,58,24,21,20,22,25,34,50,38,53,44,46,45
Units in All Multi-Family Structures,26,0,0,42,0,16,8,16,54,0,0,4,0,0,0,0,30,0,0,2,0,4,4,0,2,14,5,2,3,0,4,25,3,0,2,5,2,6,4
Units in 2-unit Multi-Family Structures,0,0,0,0,0,0,8,10,0,0,0,4,0,0,0,0,0,0,0,2,0,4,4,0,2,14,2,2,0,0,0,0,0,0,2,2,2,6,4
Units in 3- and 4-unit Multi-Family Structures,26,0,0,8,0,16,0,0,0,0,0,0,0,0,0,0,0,0,0,0,0,0,0,0,0,0,3,0,3,0,4,0,3,0,0,3,0,0,0
Units in 5+ Unit Multi-Family Structures,0,0,0,34,0,0,0,6,54,0,0,0,0,0,0,0,30,0,0,0,0,0,0,0,0,0,0,0,0,0,0,25,0,0,0,0,0,0,0
,,,,,,,,,,,,,,,,,,,,,,,,,,,,,,,,,,,,,,,
Housing Unit Building Permits for:,,,,,,,,,,,,,,,,,,,,,,,,,,,,,,,,,,,,,,,
"FRYE ISLAND TOWN, ME",,,,,,,,,,,,,,,,,,,,,,,,,,,,,,,,,,,,,,,
(Cumberland County),,,,,,,,,,,,,,,,,,,,,,,,,,,,,,,,,,,,,,,
,1980,1981,1982,1983,1984,1985,1986,1987,1988,1989,1990,1991,1992,1993,1994,1995,1996,1997,1998,1999,2000,2001,2002,2003,2004,2005,2006,2007,2008,2009,2010,2011,2012,2013,2014,2015,2016,2017,2018
Total Units,0,0,0,0,0,0,0,0,0,0,0,0,0,0,0,0,0,0,0,0,0,0,0,0,14,0,0,0,0,0,0,0,0,0,0,5,4,4,4
Units in Single-Family Structures,0,0,0,0,0,0,0,0,0,0,0,0,0,0,0,0,0,0,0,0,0,0,0,0,14,0,0,0,0,0,0,0,0,0,0,5,4,4,4
Units in All Multi-Family Structures,0,0,0,0,0,0,0,0,0,0,0,0,0,0,0,0,0,0,0,0,0,0,0,0,0,0,0,0,0,0,0,0,0,0,0,0,0,0,0
Units in 2-unit Multi-Family Structures,0,0,0,0,0,0,0,0,0,0,0,0,0,0,0,0,0,0,0,0,0,0,0,0,0,0,0,0,0,0,0,0,0,0,0,0,0,0,0
Units in 3- and 4-unit Multi-Family Structures,0,0,0,0,0,0,0,0,0,0,0,0,0,0,0,0,0,0,0,0,0,0,0,0,0,0,0,0,0,0,0,0,0,0,0,0,0,0,0
Units in 5+ Unit Multi-Family Structures,0,0,0,0,0,0,0,0,0,0,0,0,0,0,0,0,0,0,0,0,0,0,0,0,0,0,0,0,0,0,0,0,0,0,0,0,0,0,0
,,,,,,,,,,,,,,,,,,,,,,,,,,,,,,,,,,,,,,,
Housing Unit Building Permits for:,,,,,,,,,,,,,,,,,,,,,,,,,,,,,,,,,,,,,,,
"GORHAM TOWN, ME",,,,,,,,,,,,,,,,,,,,,,,,,,,,,,,,,,,,,,,
(Cumberland County),,,,,,,,,,,,,,,,,,,,,,,,,,,,,,,,,,,,,,,
,1980,1981,1982,1983,1984,1985,1986,1987,1988,1989,1990,1991,1992,1993,1994,1995,1996,1997,1998,1999,2000,2001,2002,2003,2004,2005,2006,2007,2008,2009,2010,2011,2012,2013,2014,2015,2016,2017,2018
Total Units,42,33,54,107,116,114,122,97,81,97,63,88,93,68,102,53,88,82,114,101,105,141,195,89,104,128,69,68,36,40,53,57,69,67,76,89,78,123,95
Units in Single-Family Structures,42,31,54,83,102,84,112,91,77,75,59,86,93,66,102,53,86,82,98,101,105,139,195,89,100,126,69,68,30,40,53,57,69,67,76,89,78,123,89
Units in All Multi-Family Structures,0,2,0,24,14,30,10,6,4,22,4,2,0,2,0,0,2,0,16,0,0,2,0,0,4,2,0,0,6,0,0,0,0,0,0,0,0,0,6
Units in 2-unit Multi-Family Structures,0,2,0,2,14,10,10,6,4,12,4,2,0,2,0,0,2,0,4,0,0,2,0,0,4,2,0,0,2,0,0,0,0,0,0,0,0,0,6
Units in 3- and 4-unit Multi-Family Structures,0,0,0,0,0,4,0,0,0,0,0,0,0,0,0,0,0,0,12,0,0,0,0,0,0,0,0,0,4,0,0,0,0,0,0,0,0,0,0
Units in 5+ Unit Multi-Family Structures,0,0,0,22,0,16,0,0,0,10,0,0,0,0,0,0,0,0,0,0,0,0,0,0,0,0,0,0,0,0,0,0,0,0,0,0,0,0,0
,,,,,,,,,,,,,,,,,,,,,,,,,,,,,,,,,,,,,,,
Housing Unit Building Permits for:,,,,,,,,,,,,,,,,,,,,,,,,,,,,,,,,,,,,,,,
"GRAY TOWN, ME",,,,,,,,,,,,,,,,,,,,,,,,,,,,,,,,,,,,,,,
(Cumberland County),,,,,,,,,,,,,,,,,,,,,,,,,,,,,,,,,,,,,,,
,1980,1981,1982,1983,1984,1985,1986,1987,1988,1989,1990,1991,1992,1993,1994,1995,1996,1997,1998,1999,2000,2001,2002,2003,2004,2005,2006,2007,2008,2009,2010,2011,2012,2013,2014,2015,2016,2017,2018
Total Units,32,23,52,68,94,98,120,112,87,70,45,43,50,51,73,56,52,57,60,62,77,79,75,72,84,79,74,31,33,27,23,20,21,27,35,40,65,48,45
Units in Single-Family Structures,32,23,44,61,82,95,111,106,87,67,45,35,48,45,57,46,52,57,60,62,69,73,67,72,84,65,62,31,27,25,23,18,17,21,27,34,41,38,35
Units in All Multi-Family Structures,0,0,8,7,12,3,9,6,0,3,0,8,2,6,16,10,0,0,0,0,8,6,8,0,0,14,12,0,6,2,0,2,4,6,8,6,24,10,10
Units in 2-unit Multi-Family Structures,0,0,0,0,0,0,0,0,0,0,0,8,2,6,16,10,0,0,0,0,0,6,8,0,0,14,4,0,6,2,0,2,4,6,8,6,24,10,6
Units in 3- and 4-unit Multi-Family Structures,0,0,8,7,12,3,9,6,0,3,0,0,0,0,0,0,0,0,0,0,8,0,0,0,0,0,8,0,0,0,0,0,0,0,0,0,0,0,4
Units in 5+ Unit Multi-Family Structures,0,0,0,0,0,0,0,0,0,0,0,0,0,0,0,0,0,0,0,0,0,0,0,0,0,0,0,0,0,0,0,0,0,0,0,0,0,0,0
,,,,,,,,,,,,,,,,,,,,,,,,,,,,,,,,,,,,,,,
Housing Unit Building Permits for:,,,,,,,,,,,,,,,,,,,,,,,,,,,,,,,,,,,,,,,
"HARPSWELL TOWN, ME",,,,,,,,,,,,,,,,,,,,,,,,,,,,,,,,,,,,,,,
(Cumberland County),,,,,,,,,,,,,,,,,,,,,,,,,,,,,,,,,,,,,,,
,1980,1981,1982,1983,1984,1985,1986,1987,1988,1989,1990,1991,1992,1993,1994,1995,1996,1997,1998,1999,2000,2001,2002,2003,2004,2005,2006,2007,2008,2009,2010,2011,2012,2013,2014,2015,2016,2017,2018
Total Units,0,0,0,0,0,36,46,54,51,42,33,28,29,27,0,0,0,0,0,0,0,0,76,60,12,31,31,43,28,18,20,15,14,33,25,21,32,41,32
Units in Single-Family Structures,0,0,0,0,0,36,46,54,51,42,33,28,29,27,0,0,0,0,0,0,0,0,76,60,12,31,31,43,28,18,20,15,14,33,25,21,32,41,32
Units in All Multi-Family Structures,0,0,0,0,0,0,0,0,0,0,0,0,0,0,0,0,0,0,0,0,0,0,0,0,0,0,0,0,0,0,0,0,0,0,0,0,0,0,0
Units in 2-unit Multi-Family Structures,0,0,0,0,0,0,0,0,0,0,0,0,0,0,0,0,0,0,0,0,0,0,0,0,0,0,0,0,0,0,0,0,0,0,0,0,0,0,0
Units in 3- and 4-unit Multi-Family Structures,0,0,0,0,0,0,0,0,0,0,0,0,0,0,0,0,0,0,0,0,0,0,0,0,0,0,0,0,0,0,0,0,0,0,0,0,0,0,0
Units in 5+ Unit Multi-Family Structures,0,0,0,0,0,0,0,0,0,0,0,0,0,0,0,0,0,0,0,0,0,0,0,0,0,0,0,0,0,0,0,0,0,0,0,0,0,0,0
,,,,,,,,,,,,,,,,,,,,,,,,,,,,,,,,,,,,,,,
Housing Unit Building Permits for:,,,,,,,,,,,,,,,,,,,,,,,,,,,,,,,,,,,,,,,
"HARRISON TOWN, ME",,,,,,,,,,,,,,,,,,,,,,,,,,,,,,,,,,,,,,,
(Cumberland County),,,,,,,,,,,,,,,,,,,,,,,,,,,,,,,,,,,,,,,
,1980,1981,1982,1983,1984,1985,1986,1987,1988,1989,1990,1991,1992,1993,1994,1995,1996,1997,1998,1999,2000,2001,2002,2003,2004,2005,2006,2007,2008,2009,2010,2011,2012,2013,2014,2015,2016,2017,2018
Total Units,28,29,29,10,34,23,34,65,51,42,27,22,23,17,15,9,12,17,17,18,16,15,17,16,15,33,26,22,13,5,11,7,11,8,5,4,8,12,16
Units in Single-Family Structures,26,29,29,10,34,23,34,65,47,42,27,22,23,17,15,9,12,17,17,18,16,15,17,16,15,33,26,22,13,5,11,7,11,8,5,4,8,12,16
Units in All Multi-Family Structures,2,0,0,0,0,0,0,0,4,0,0,0,0,0,0,0,0,0,0,0,0,0,0,0,0,0,0,0,0,0,0,0,0,0,0,0,0,0,0
Units in 2-unit Multi-Family Structures,2,0,0,0,0,0,0,0,0,0,0,0,0,0,0,0,0,0,0,0,0,0,0,0,0,0,0,0,0,0,0,0,0,0,0,0,0,0,0
Units in 3- and 4-unit Multi-Family Structures,0,0,0,0,0,0,0,0,4,0,0,0,0,0,0,0,0,0,0,0,0,0,0,0,0,0,0,0,0,0,0,0,0,0,0,0,0,0,0
Units in 5+ Unit Multi-Family Structures,0,0,0,0,0,0,0,0,0,0,0,0,0,0,0,0,0,0,0,0,0,0,0,0,0,0,0,0,0,0,0,0,0,0,0,0,0,0,0
,,,,,,,,,,,,,,,,,,,,,,,,,,,,,,,,,,,,,,,
Housing Unit Building Permits for:,,,,,,,,,,,,,,,,,,,,,,,,,,,,,,,,,,,,,,,
"LONG ISLAND TOWN, ME",,,,,,,,,,,,,,,,,,,,,,,,,,,,,,,,,,,,,,,
(Cumberland County),,,,,,,,,,,,,,,,,,,,,,,,,,,,,,,,,,,,,,,
,1980,1981,1982,1983,1984,1985,1986,1987,1988,1989,1990,1991,1992,1993,1994,1995,1996,1997,1998,1999,2000,2001,2002,2003,2004,2005,2006,2007,2008,2009,2010,2011,2012,2013,2014,2015,2016,2017,2018
Total Units,0,0,0,0,0,0,0,0,0,0,0,0,0,0,2,2,2,0,0,6,2,0,0,0,4,4,2,3,1,5,2,4,4,1,2,2,3,3,0
Units in Single-Family Structures,0,0,0,0,0,0,0,0,0,0,0,0,0,0,2,2,2,0,0,6,2,0,0,0,4,4,2,3,1,5,2,4,4,1,2,2,3,1,0
Units in All Multi-Family Structures,0,0,0,0,0,0,0,0,0,0,0,0,0,0,0,0,0,0,0,0,0,0,0,0,0,0,0,0,0,0,0,0,0,0,0,0,0,2,0
Units in 2-unit Multi-Family Structures,0,0,0,0,0,0,0,0,0,0,0,0,0,0,0,0,0,0,0,0,0,0,0,0,0,0,0,0,0,0,0,0,0,0,0,0,0,2,0
Units in 3- and 4-unit Multi-Family Structures,0,0,0,0,0,0,0,0,0,0,0,0,0,0,0,0,0,0,0,0,0,0,0,0,0,0,0,0,0,0,0,0,0,0,0,0,0,0,0
Units in 5+ Unit Multi-Family Structures,0,0,0,0,0,0,0,0,0,0,0,0,0,0,0,0,0,0,0,0,0,0,0,0,0,0,0,0,0,0,0,0,0,0,0,0,0,0,0
,,,,,,,,,,,,,,,,,,,,,,,,,,,,,,,,,,,,,,,
Housing Unit Building Permits for:,,,,,,,,,,,,,,,,,,,,,,,,,,,,,,,,,,,,,,,
"NAPLES TOWN, ME",,,,,,,,,,,,,,,,,,,,,,,,,,,,,,,,,,,,,,,
(Cumberland County),,,,,,,,,,,,,,,,,,,,,,,,,,,,,,,,,,,,,,,
,1980,1981,1982,1983,1984,1985,1986,1987,1988,1989,1990,1991,1992,1993,1994,1995,1996,1997,1998,1999,2000,2001,2002,2003,2004,2005,2006,2007,2008,2009,2010,2011,2012,2013,2014,2015,2016,2017,2018
Total Units,7,22,13,21,21,38,47,104,116,77,31,38,29,26,24,18,15,16,28,28,36,48,53,75,95,64,46,42,35,32,14,11,13,17,14,13,15,14,23
Units in Single-Family Structures,7,18,13,21,21,34,47,79,74,77,31,36,29,26,22,18,15,16,28,28,36,48,53,75,95,64,46,42,35,32,14,11,13,17,14,13,15,14,23
Units in All Multi-Family Structures,0,4,0,0,0,4,0,25,42,0,0,2,0,0,2,0,0,0,0,0,0,0,0,0,0,0,0,0,0,0,0,0,0,0,0,0,0,0,0
Units in 2-unit Multi-Family Structures,0,4,0,0,0,4,0,2,0,0,0,2,0,0,2,0,0,0,0,0,0,0,0,0,0,0,0,0,0,0,0,0,0,0,0,0,0,0,0
Units in 3- and 4-unit Multi-Family Structures,0,0,0,0,0,0,0,0,4,0,0,0,0,0,0,0,0,0,0,0,0,0,0,0,0,0,0,0,0,0,0,0,0,0,0,0,0,0,0
Units in 5+ Unit Multi-Family Structures,0,0,0,0,0,0,0,23,38,0,0,0,0,0,0,0,0,0,0,0,0,0,0,0,0,0,0,0,0,0,0,0,0,0,0,0,0,0,0
,,,,,,,,,,,,,,,,,,,,,,,,,,,,,,,,,,,,,,,
Housing Unit Building Permits for:,,,,,,,,,,,,,,,,,,,,,,,,,,,,,,,,,,,,,,,
"NEW GLOUCESTER TOWN, ME",,,,,,,,,,,,,,,,,,,,,,,,,,,,,,,,,,,,,,,
(Cumberland County),,,,,,,,,,,,,,,,,,,,,,,,,,,,,,,,,,,,,,,
,1980,1981,1982,1983,1984,1985,1986,1987,1988,1989,1990,1991,1992,1993,1994,1995,1996,1997,1998,1999,2000,2001,2002,2003,2004,2005,2006,2007,2008,2009,2010,2011,2012,2013,2014,2015,2016,2017,2018
Total Units,17,17,17,23,32,43,51,67,5,39,31,30,34,41,39,34,37,36,60,47,48,48,63,56,47,66,30,39,23,18,8,11,10,15,13,18,22,34,29
Units in Single-Family Structures,17,17,17,23,28,37,47,59,5,39,27,28,32,41,39,32,37,32,58,47,48,48,63,46,43,64,30,39,23,18,8,11,10,15,13,18,22,34,29
Units in All Multi-Family Structures,0,0,0,0,4,6,4,8,0,0,4,2,2,0,0,2,0,4,2,0,0,0,0,10,4,2,0,0,0,0,0,0,0,0,0,0,0,0,0
Units in 2-unit Multi-Family Structures,0,0,0,0,0,2,4,8,0,0,4,2,2,0,0,2,0,4,2,0,0,0,0,10,4,2,0,0,0,0,0,0,0,0,0,0,0,0,0
Units in 3- and 4-unit Multi-Family Structures,0,0,0,0,4,4,0,0,0,0,0,0,0,0,0,0,0,0,0,0,0,0,0,0,0,0,0,0,0,0,0,0,0,0,0,0,0,0,0
Units in 5+ Unit Multi-Family Structures,0,0,0,0,0,0,0,0,0,0,0,0,0,0,0,0,0,0,0,0,0,0,0,0,0,0,0,0,0,0,0,0,0,0,0,0,0,0,0
,,,,,,,,,,,,,,,,,,,,,,,,,,,,,,,,,,,,,,,
Housing Unit Building Permits for:,,,,,,,,,,,,,,,,,,,,,,,,,,,,,,,,,,,,,,,
"NORTH YARMOUTH TOWN, ME",,,,,,,,,,,,,,,,,,,,,,,,,,,,,,,,,,,,,,,
(Cumberland County),,,,,,,,,,,,,,,,,,,,,,,,,,,,,,,,,,,,,,,
,1980,1981,1982,1983,1984,1985,1986,1987,1988,1989,1990,1991,1992,1993,1994,1995,1996,1997,1998,1999,2000,2001,2002,2003,2004,2005,2006,2007,2008,2009,2010,2011,2012,2013,2014,2015,2016,2017,2018
Total Units,18,14,12,23,35,32,35,38,29,33,26,24,21,31,33,43,32,21,28,35,34,24,29,23,31,28,14,23,6,6,5,9,13,16,11,13,18,24,31
Units in Single-Family Structures,18,14,12,21,35,32,35,38,29,33,20,24,21,31,33,43,32,21,28,35,34,24,29,23,31,28,14,20,6,6,5,9,13,16,11,13,18,24,31
Units in All Multi-Family Structures,0,0,0,2,0,0,0,0,0,0,6,0,0,0,0,0,0,0,0,0,0,0,0,0,0,0,0,3,0,0,0,0,0,0,0,0,0,0,0
Units in 2-unit Multi-Family Structures,0,0,0,2,0,0,0,0,0,0,6,0,0,0,0,0,0,0,0,0,0,0,0,0,0,0,0,0,0,0,0,0,0,0,0,0,0,0,0
Units in 3- and 4-unit Multi-Family Structures,0,0,0,0,0,0,0,0,0,0,0,0,0,0,0,0,0,0,0,0,0,0,0,0,0,0,0,3,0,0,0,0,0,0,0,0,0,0,0
Units in 5+ Unit Multi-Family Structures,0,0,0,0,0,0,0,0,0,0,0,0,0,0,0,0,0,0,0,0,0,0,0,0,0,0,0,0,0,0,0,0,0,0,0,0,0,0,0
,,,,,,,,,,,,,,,,,,,,,,,,,,,,,,,,,,,,,,,
Housing Unit Building Permits for:,,,,,,,,,,,,,,,,,,,,,,,,,,,,,,,,,,,,,,,
"PORTLAND, ME",,,,,,,,,,,,,,,,,,,,,,,,,,,,,,,,,,,,,,,
(Cumberland County),,,,,,,,,,,,,,,,,,,,,,,,,,,,,,,,,,,,,,,
,1980,1981,1982,1983,1984,1985,1986,1987,1988,1989,1990,1991,1992,1993,1994,1995,1996,1997,1998,1999,2000,2001,2002,2003,2004,2005,2006,2007,2008,2009,2010,2011,2012,2013,2014,2015,2016,2017,2018
Total Units,49,83,144,255,368,699,335,265,336,320,70,71,77,58,72,146,66,72,337,115,160,220,133,264,171,209,148,73,74,30,38,31,40,176,100,151,150,42,78
Units in Single-Family Structures,33,37,41,77,139,428,287,215,191,147,60,50,65,58,64,66,59,62,89,93,88,104,61,161,125,127,75,32,23,28,36,29,33,25,36,32,28,27,26
Units in All Multi-Family Structures,16,46,103,178,229,271,48,50,145,173,10,21,12,0,8,80,7,10,248,22,72,116,72,103,46,82,73,41,51,2,2,2,7,151,64,119,122,15,52
Units in 2-unit Multi-Family Structures,8,4,4,0,12,28,14,32,20,18,10,4,6,0,4,4,4,10,4,18,16,14,4,8,4,4,14,0,8,2,2,2,4,0,8,8,4,8,4
Units in 3- and 4-unit Multi-Family Structures,8,20,16,27,24,69,34,18,3,18,0,0,6,0,4,0,3,0,3,4,15,24,13,63,6,10,0,0,0,0,0,0,3,0,0,0,11,0,7
Units in 5+ Unit Multi-Family Structures,0,22,83,151,193,174,0,0,122,137,0,17,0,0,0,76,0,0,241,0,41,78,55,32,36,68,59,41,43,0,0,0,0,151,56,111,107,7,41
,,,,,,,,,,,,,,,,,,,,,,,,,,,,,,,,,,,,,,,
Housing Unit Building Permits for:,,,,,,,,,,,,,,,,,,,,,,,,,,,,,,,,,,,,,,,
"POWNAL TOWN, ME",,,,,,,,,,,,,,,,,,,,,,,,,,,,,,,,,,,,,,,
(Cumberland County),,,,,,,,,,,,,,,,,,,,,,,,,,,,,,,,,,,,,,,
,1980,1981,1982,1983,1984,1985,1986,1987,1988,1989,1990,1991,1992,1993,1994,1995,1996,1997,1998,1999,2000,2001,2002,2003,2004,2005,2006,2007,2008,2009,2010,2011,2012,2013,2014,2015,2016,2017,2018
Total Units,3,2,4,5,7,11,14,13,5,9,6,3,2,1,2,2,2,1,10,10,10,11,12,13,14,14,13,7,1,2,1,1,2,9,4,5,10,8,9
Units in Single-Family Structures,3,2,4,5,7,11,14,13,5,9,6,3,2,1,2,2,2,1,10,10,10,11,12,13,14,14,13,7,1,2,1,1,2,9,4,5,10,8,9
Units in All Multi-Family Structures,0,0,0,0,0,0,0,0,0,0,0,0,0,0,0,0,0,0,0,0,0,0,0,0,0,0,0,0,0,0,0,0,0,0,0,0,0,0,0
Units in 2-unit Multi-Family Structures,0,0,0,0,0,0,0,0,0,0,0,0,0,0,0,0,0,0,0,0,0,0,0,0,0,0,0,0,0,0,0,0,0,0,0,0,0,0,0
Units in 3- and 4-unit Multi-Family Structures,0,0,0,0,0,0,0,0,0,0,0,0,0,0,0,0,0,0,0,0,0,0,0,0,0,0,0,0,0,0,0,0,0,0,0,0,0,0,0
Units in 5+ Unit Multi-Family Structures,0,0,0,0,0,0,0,0,0,0,0,0,0,0,0,0,0,0,0,0,0,0,0,0,0,0,0,0,0,0,0,0,0,0,0,0,0,0,0
,,,,,,,,,,,,,,,,,,,,,,,,,,,,,,,,,,,,,,,
Housing Unit Building Permits for:,,,,,,,,,,,,,,,,,,,,,,,,,,,,,,,,,,,,,,,
"RAYMOND TOWN, ME",,,,,,,,,,,,,,,,,,,,,,,,,,,,,,,,,,,,,,,
(Cumberland County),,,,,,,,,,,,,,,,,,,,,,,,,,,,,,,,,,,,,,,
,1980,1981,1982,1983,1984,1985,1986,1987,1988,1989,1990,1991,1992,1993,1994,1995,1996,1997,1998,1999,2000,2001,2002,2003,2004,2005,2006,2007,2008,2009,2010,2011,2012,2013,2014,2015,2016,2017,2018
Total Units,17,20,20,24,33,66,89,80,60,57,50,27,38,25,37,26,36,35,41,33,46,72,62,42,45,58,39,22,4,6,5,4,6,14,10,9,10,28,28
Units in Single-Family Structures,17,20,20,24,33,62,75,80,60,57,30,27,38,23,37,26,36,35,41,33,46,48,57,42,45,58,39,22,4,6,5,4,6,14,10,9,10,28,28
Units in All Multi-Family Structures,0,0,0,0,0,4,14,0,0,0,20,0,0,2,0,0,0,0,0,0,0,24,5,0,0,0,0,0,0,0,0,0,0,0,0,0,0,0,0
Units in 2-unit Multi-Family Structures,0,0,0,0,0,4,10,0,0,0,0,0,0,2,0,0,0,0,0,0,0,0,0,0,0,0,0,0,0,0,0,0,0,0,0,0,0,0,0
Units in 3- and 4-unit Multi-Family Structures,0,0,0,0,0,0,4,0,0,0,20,0,0,0,0,0,0,0,0,0,0,0,0,0,0,0,0,0,0,0,0,0,0,0,0,0,0,0,0
Units in 5+ Unit Multi-Family Structures,0,0,0,0,0,0,0,0,0,0,0,0,0,0,0,0,0,0,0,0,0,24,5,0,0,0,0,0,0,0,0,0,0,0,0,0,0,0,0
,,,,,,,,,,,,,,,,,,,,,,,,,,,,,,,,,,,,,,,
Housing Unit Building Permits for:,,,,,,,,,,,,,,,,,,,,,,,,,,,,,,,,,,,,,,,
"SCARBOROUGH TOWN, ME",,,,,,,,,,,,,,,,,,,,,,,,,,,,,,,,,,,,,,,
(Cumberland County),,,,,,,,,,,,,,,,,,,,,,,,,,,,,,,,,,,,,,,
,1980,1981,1982,1983,1984,1985,1986,1987,1988,1989,1990,1991,1992,1993,1994,1995,1996,1997,1998,1999,2000,2001,2002,2003,2004,2005,2006,2007,2008,2009,2010,2011,2012,2013,2014,2015,2016,2017,2018
Total Units,128,37,33,79,156,168,296,191,146,129,89,103,142,133,145,154,191,201,203,203,360,259,147,165,131,111,95,87,62,38,58,45,70,77,70,131,92,261,344
Units in Single-Family Structures,50,37,33,79,119,166,230,191,142,125,89,103,138,133,145,154,185,181,197,203,348,210,147,165,109,101,66,71,62,38,58,45,62,77,70,99,90,81,71
Units in All Multi-Family Structures,78,0,0,0,37,2,66,0,4,4,0,0,4,0,0,0,6,20,6,0,12,49,0,0,22,10,29,16,0,0,0,0,8,0,0,32,2,180,273
Units in 2-unit Multi-Family Structures,78,0,0,0,0,2,0,0,4,4,0,0,4,0,0,0,2,20,6,0,0,6,0,0,0,0,0,0,0,0,0,0,0,0,0,0,2,0,2
Units in 3- and 4-unit Multi-Family Structures,0,0,0,0,0,0,0,0,0,0,0,0,0,0,0,0,4,0,0,0,12,43,0,0,0,0,0,0,0,0,0,0,0,0,0,0,0,12,0
Units in 5+ Unit Multi-Family Structures,0,0,0,0,37,0,66,0,0,0,0,0,0,0,0,0,0,0,0,0,0,0,0,0,22,10,29,16,0,0,0,0,8,0,0,32,0,168,271
,,,,,,,,,,,,,,,,,,,,,,,,,,,,,,,,,,,,,,,
Housing Unit Building Permits for:,,,,,,,,,,,,,,,,,,,,,,,,,,,,,,,,,,,,,,,
"SEBAGO TOWN, ME",,,,,,,,,,,,,,,,,,,,,,,,,,,,,,,,,,,,,,,
(Cumberland County),,,,,,,,,,,,,,,,,,,,,,,,,,,,,,,,,,,,,,,
,1980,1981,1982,1983,1984,1985,1986,1987,1988,1989,1990,1991,1992,1993,1994,1995,1996,1997,1998,1999,2000,2001,2002,2003,2004,2005,2006,2007,2008,2009,2010,2011,2012,2013,2014,2015,2016,2017,2018
Total Units,0,0,0,0,0,0,0,0,0,0,0,10,5,11,9,5,10,10,9,17,13,15,21,26,31,31,27,23,17,8,9,7,8,11,13,18,19,18,18
Units in Single-Family Structures,0,0,0,0,0,0,0,0,0,0,0,10,5,11,9,5,10,10,9,17,13,15,21,26,31,31,27,23,17,8,9,7,8,11,13,16,17,16,16
Units in All Multi-Family Structures,0,0,0,0,0,0,0,0,0,0,0,0,0,0,0,0,0,0,0,0,0,0,0,0,0,0,0,0,0,0,0,0,0,0,0,2,2,2,2
Units in 2-unit Multi-Family Structures,0,0,0,0,0,0,0,0,0,0,0,0,0,0,0,0,0,0,0,0,0,0,0,0,0,0,0,0,0,0,0,0,0,0,0,2,2,2,2
Units in 3- and 4-unit Multi-Family Structures,0,0,0,0,0,0,0,0,0,0,0,0,0,0,0,0,0,0,0,0,0,0,0,0,0,0,0,0,0,0,0,0,0,0,0,0,0,0,0
Units in 5+ Unit Multi-Family Structures,0,0,0,0,0,0,0,0,0,0,0,0,0,0,0,0,0,0,0,0,0,0,0,0,0,0,0,0,0,0,0,0,0,0,0,0,0,0,0
,,,,,,,,,,,,,,,,,,,,,,,,,,,,,,,,,,,,,,,
Housing Unit Building Permits for:,,,,,,,,,,,,,,,,,,,,,,,,,,,,,,,,,,,,,,,
"SOUTH PORTLAND, ME",,,,,,,,,,,,,,,,,,,,,,,,,,,,,,,,,,,,,,,
(Cumberland County),,,,,,,,,,,,,,,,,,,,,,,,,,,,,,,,,,,,,,,
,1980,1981,1982,1983,1984,1985,1986,1987,1988,1989,1990,1991,1992,1993,1994,1995,1996,1997,1998,1999,2000,2001,2002,2003,2004,2005,2006,2007,2008,2009,2010,2011,2012,2013,2014,2015,2016,2017,2018
Total Units,137,31,61,106,147,181,386,283,38,36,22,24,106,26,35,37,32,55,72,71,74,34,219,129,174,205,70,98,36,32,32,17,63,78,50,35,39,136,22
Units in Single-Family Structures,56,23,33,63,81,95,78,83,38,20,22,24,26,26,33,34,32,53,72,71,74,34,71,127,60,88,70,41,34,32,32,17,21,26,31,27,13,40,22
Units in All Multi-Family Structures,81,8,28,43,66,86,308,200,0,16,0,0,80,0,2,3,0,2,0,0,0,0,148,2,114,117,0,57,2,0,0,0,42,52,19,8,26,96,0
Units in 2-unit Multi-Family Structures,2,2,0,2,2,6,4,0,0,0,0,0,0,0,2,0,0,2,0,0,0,0,0,2,0,2,0,0,2,0,0,0,0,0,0,0,2,2,0
Units in 3- and 4-unit Multi-Family Structures,4,0,0,12,4,12,4,6,0,6,0,0,0,0,0,3,0,0,0,0,0,0,12,0,0,0,0,0,0,0,0,0,0,4,0,8,0,0,0
Units in 5+ Unit Multi-Family Structures,75,6,28,29,60,68,300,194,0,10,0,0,80,0,0,0,0,0,0,0,0,0,136,0,114,115,0,57,0,0,0,0,42,48,19,0,24,94,0
,,,,,,,,,,,,,,,,,,,,,,,,,,,,,,,,,,,,,,,
Housing Unit Building Permits for:,,,,,,,,,,,,,,,,,,,,,,,,,,,,,,,,,,,,,,,
"STANDISH TOWN, ME",,,,,,,,,,,,,,,,,,,,,,,,,,,,,,,,,,,,,,,
(Cumberland County),,,,,,,,,,,,,,,,,,,,,,,,,,,,,,,,,,,,,,,
,1980,1981,1982,1983,1984,1985,1986,1987,1988,1989,1990,1991,1992,1993,1994,1995,1996,1997,1998,1999,2000,2001,2002,2003,2004,2005,2006,2007,2008,2009,2010,2011,2012,2013,2014,2015,2016,2017,2018
Total Units,25,34,20,31,67,6,116,124,102,52,31,53,46,60,51,67,83,63,117,121,114,79,70,53,42,36,42,29,18,17,18,8,18,23,30,20,38,35,38
Units in Single-Family Structures,25,34,20,29,63,6,116,120,98,48,31,53,46,60,51,67,83,63,117,121,114,79,68,53,42,36,42,29,18,17,18,8,18,23,30,20,38,35,38
Units in All Multi-Family Structures,0,0,0,2,4,0,0,4,4,4,0,0,0,0,0,0,0,0,0,0,0,0,2,0,0,0,0,0,0,0,0,0,0,0,0,0,0,0,0
Units in 2-unit Multi-Family Structures,0,0,0,2,0,0,0,0,0,4,0,0,0,0,0,0,0,0,0,0,0,0,2,0,0,0,0,0,0,0,0,0,0,0,0,0,0,0,0
Units in 3- and 4-unit Multi-Family Structures,0,0,0,0,4,0,0,4,4,0,0,0,0,0,0,0,0,0,0,0,0,0,0,0,0,0,0,0,0,0,0,0,0,0,0,0,0,0,0
Units in 5+ Unit Multi-Family Structures,0,0,0,0,0,0,0,0,0,0,0,0,0,0,0,0,0,0,0,0,0,0,0,0,0,0,0,0,0,0,0,0,0,0,0,0,0,0,0
,,,,,,,,,,,,,,,,,,,,,,,,,,,,,,,,,,,,,,,
Housing Unit Building Permits for:,,,,,,,,,,,,,,,,,,,,,,,,,,,,,,,,,,,,,,,
"WESTBROOK, ME",,,,,,,,,,,,,,,,,,,,,,,,,,,,,,,,,,,,,,,
(Cumberland County),,,,,,,,,,,,,,,,,,,,,,,,,,,,,,,,,,,,,,,
,1980,1981,1982,1983,1984,1985,1986,1987,1988,1989,1990,1991,1992,1993,1994,1995,1996,1997,1998,1999,2000,2001,2002,2003,2004,2005,2006,2007,2008,2009,2010,2011,2012,2013,2014,2015,2016,2017,2018
Total Units,24,22,17,57,90,67,125,68,98,44,134,22,28,28,26,32,32,106,48,33,45,43,28,54,110,171,92,165,33,45,32,23,62,60,36,194,231,157,92
Units in Single-Family Structures,19,22,11,31,28,55,62,45,86,32,34,22,28,28,26,32,32,32,48,33,45,43,28,44,102,62,46,69,25,37,30,20,28,28,28,35,128,57,55
Units in All Multi-Family Structures,5,0,6,26,62,12,63,23,12,12,100,0,0,0,0,0,0,74,0,0,0,0,0,10,8,109,46,96,8,8,2,3,34,32,8,159,103,100,37
Units in 2-unit Multi-Family Structures,2,0,6,0,2,0,8,6,2,2,0,0,0,0,0,0,0,0,0,0,0,0,0,10,0,34,30,18,8,0,2,0,16,22,2,16,0,4,10
Units in 3- and 4-unit Multi-Family Structures,3,0,0,0,4,12,12,12,4,0,0,0,0,0,0,0,0,31,0,0,0,0,0,0,8,17,0,11,0,8,0,3,4,0,6,0,7,0,3
Units in 5+ Unit Multi-Family Structures,0,0,0,26,56,0,43,5,6,10,100,0,0,0,0,0,0,43,0,0,0,0,0,0,0,58,16,67,0,0,0,0,14,10,0,143,96,96,24
,,,,,,,,,,,,,,,,,,,,,,,,,,,,,,,,,,,,,,,
Housing Unit Building Permits for:,,,,,,,,,,,,,,,,,,,,,,,,,,,,,,,,,,,,,,,
"WINDHAM TOWN, ME",,,,,,,,,,,,,,,,,,,,,,,,,,,,,,,,,,,,,,,
(Cumberland County),,,,,,,,,,,,,,,,,,,,,,,,,,,,,,,,,,,,,,,
,1980,1981,1982,1983,1984,1985,1986,1987,1988,1989,1990,1991,1992,1993,1994,1995,1996,1997,1998,1999,2000,2001,2002,2003,2004,2005,2006,2007,2008,2009,2010,2011,2012,2013,2014,2015,2016,2017,2018
Total Units,59,53,65,87,103,169,154,121,124,103,81,80,99,123,108,87,113,101,164,151,104,104,158,133,136,139,88,90,52,59,62,44,66,60,91,95,121,100,129
Units in Single-Family Structures,44,45,65,71,80,74,84,111,102,77,65,76,99,103,100,83,93,99,158,137,104,102,156,133,136,115,88,90,52,59,62,44,66,60,79,95,109,100,113
Units in All Multi-Family Structures,15,8,0,16,23,95,70,10,22,26,16,4,0,20,8,4,20,2,6,14,0,2,2,0,0,24,0,0,0,0,0,0,0,0,12,0,12,0,16
Units in 2-unit Multi-Family Structures,2,2,0,2,2,14,10,6,2,26,16,4,0,0,0,0,2,2,2,2,0,2,2,0,0,0,0,0,0,0,0,0,0,0,0,0,12,0,16
Units in 3- and 4-unit Multi-Family Structures,0,0,0,8,15,52,53,4,0,0,0,0,0,0,8,4,8,0,4,12,0,0,0,0,0,0,0,0,0,0,0,0,0,0,12,0,0,0,0
Units in 5+ Unit Multi-Family Structures,13,6,0,6,6,29,7,0,20,0,0,0,0,20,0,0,10,0,0,0,0,0,0,0,0,24,0,0,0,0,0,0,0,0,0,0,0,0,0
,,,,,,,,,,,,,,,,,,,,,,,,,,,,,,,,,,,,,,,
Housing Unit Building Permits for:,,,,,,,,,,,,,,,,,,,,,,,,,,,,,,,,,,,,,,,
"YARMOUTH TOWN, ME",,,,,,,,,,,,,,,,,,,,,,,,,,,,,,,,,,,,,,,
(Cumberland County),,,,,,,,,,,,,,,,,,,,,,,,,,,,,,,,,,,,,,,
,1980,1981,1982,1983,1984,1985,1986,1987,1988,1989,1990,1991,1992,1993,1994,1995,1996,1997,1998,1999,2000,2001,2002,2003,2004,2005,2006,2007,2008,2009,2010,2011,2012,2013,2014,2015,2016,2017,2018
Total Units,27,39,25,60,96,182,95,74,46,31,46,30,45,36,18,25,37,32,38,28,29,13,18,21,18,16,7,11,10,15,20,14,16,13,14,9,10,42,44
Units in Single-Family Structures,17,20,22,39,37,58,58,74,46,27,46,27,45,32,18,23,37,32,24,26,29,13,18,15,18,16,7,11,10,15,20,14,16,9,14,9,10,42,44
Units in All Multi-Family Structures,10,19,3,21,59,124,37,0,0,4,0,3,0,4,0,2,0,0,14,2,0,0,0,6,0,0,0,0,0,0,0,0,0,4,0,0,0,0,0
Units in 2-unit Multi-Family Structures,0,0,0,0,0,16,0,0,0,0,0,0,0,0,0,2,0,0,14,2,0,0,0,6,0,0,0,0,0,0,0,0,0,4,0,0,0,0,0
Units in 3- and 4-unit Multi-Family Structures,0,9,3,15,32,91,21,0,0,4,0,3,0,4,0,0,0,0,0,0,0,0,0,0,0,0,0,0,0,0,0,0,0,0,0,0,0,0,0
Units in 5+ Unit Multi-Family Structures,10,10,0,6,27,17,16,0,0,0,0,0,0,0,0,0,0,0,0,0,0,0,0,0,0,0,0,0,0,0,0,0,0,0,0,0,0,0,0
,,,,,,,,,,,,,,,,,,,,,,,,,,,,,,,,,,,,,,,
Housing Unit Building Permits for:,,,,,,,,,,,,,,,,,,,,,,,,,,,,,,,,,,,,,,,
"BETHEL TOWN, ME",,,,,,,,,,,,,,,,,,,,,,,,,,,,,,,,,,,,,,,
(Oxford County),,,,,,,,,,,,,,,,,,,,,,,,,,,,,,,,,,,,,,,
,1980,1981,1982,1983,1984,1985,1986,1987,1988,1989,1990,1991,1992,1993,1994,1995,1996,1997,1998,1999,2000,2001,2002,2003,2004,2005,2006,2007,2008,2009,2010,2011,2012,2013,2014,2015,2016,2017,2018
Total Units,0,0,31,15,35,24,29,19,38,13,10,9,42,45,59,31,10,10,24,16,18,18,20,19,46,40,34,25,18,14,15,10,15,25,19,23,17,23,14
Units in Single-Family Structures,0,0,7,9,10,14,14,14,13,13,10,9,18,19,19,19,8,10,20,16,18,18,20,19,46,40,34,25,18,14,15,10,15,25,19,23,17,23,14
Units in All Multi-Family Structures,0,0,24,6,25,10,15,5,25,0,0,0,24,26,40,12,2,0,4,0,0,0,0,0,0,0,0,0,0,0,0,0,0,0,0,0,0,0,0
Units in 2-unit Multi-Family Structures,0,0,0,0,0,0,0,0,0,0,0,0,0,0,0,4,2,0,0,0,0,0,0,0,0,0,0,0,0,0,0,0,0,0,0,0,0,0,0
Units in 3- and 4-unit Multi-Family Structures,0,0,4,0,3,0,0,0,0,0,0,0,0,0,0,8,0,0,4,0,0,0,0,0,0,0,0,0,0,0,0,0,0,0,0,0,0,0,0
Units in 5+ Unit Multi-Family Structures,0,0,20,6,22,10,15,5,25,0,0,0,24,26,40,0,0,0,0,0,0,0,0,0,0,0,0,0,0,0,0,0,0,0,0,0,0,0,0
,,,,,,,,,,,,,,,,,,,,,,,,,,,,,,,,,,,,,,,
Housing Unit Building Permits for:,,,,,,,,,,,,,,,,,,,,,,,,,,,,,,,,,,,,,,,
"DENMARK TOWN, ME",,,,,,,,,,,,,,,,,,,,,,,,,,,,,,,,,,,,,,,
(Oxford County),,,,,,,,,,,,,,,,,,,,,,,,,,,,,,,,,,,,,,,
,1980,1981,1982,1983,1984,1985,1986,1987,1988,1989,1990,1991,1992,1993,1994,1995,1996,1997,1998,1999,2000,2001,2002,2003,2004,2005,2006,2007,2008,2009,2010,2011,2012,2013,2014,2015,2016,2017,2018
Total Units,0,0,6,12,13,18,6,7,43,35,27,23,9,6,7,7,6,3,2,0,18,8,32,30,23,20,17,11,8,6,6,4,4,4,3,4,4,4,5
Units in Single-Family Structures,0,0,6,12,13,18,6,7,43,35,27,23,9,6,7,7,6,3,2,0,18,8,32,30,23,20,17,11,8,6,6,4,4,4,3,4,4,4,5
Units in All Multi-Family Structures,0,0,0,0,0,0,0,0,0,0,0,0,0,0,0,0,0,0,0,0,0,0,0,0,0,0,0,0,0,0,0,0,0,0,0,0,0,0,0
Units in 2-unit Multi-Family Structures,0,0,0,0,0,0,0,0,0,0,0,0,0,0,0,0,0,0,0,0,0,0,0,0,0,0,0,0,0,0,0,0,0,0,0,0,0,0,0
Units in 3- and 4-unit Multi-Family Structures,0,0,0,0,0,0,0,0,0,0,0,0,0,0,0,0,0,0,0,0,0,0,0,0,0,0,0,0,0,0,0,0,0,0,0,0,0,0,0
Units in 5+ Unit Multi-Family Structures,0,0,0,0,0,0,0,0,0,0,0,0,0,0,0,0,0,0,0,0,0,0,0,0,0,0,0,0,0,0,0,0,0,0,0,0,0,0,0
,,,,,,,,,,,,,,,,,,,,,,,,,,,,,,,,,,,,,,,
Housing Unit Building Permits for:,,,,,,,,,,,,,,,,,,,,,,,,,,,,,,,,,,,,,,,
"HIRAM TOWN, ME",,,,,,,,,,,,,,,,,,,,,,,,,,,,,,,,,,,,,,,
(Oxford County),,,,,,,,,,,,,,,,,,,,,,,,,,,,,,,,,,,,,,,
,1980,1981,1982,1983,1984,1985,1986,1987,1988,1989,1990,1991,1992,1993,1994,1995,1996,1997,1998,1999,2000,2001,2002,2003,2004,2005,2006,2007,2008,2009,2010,2011,2012,2013,2014,2015,2016,2017,2018
Total Units,10,8,8,10,11,15,16,19,16,8,10,3,11,10,6,7,12,6,7,9,7,16,7,23,27,12,10,18,7,4,6,6,7,0,3,3,6,5,8
Units in Single-Family Structures,10,8,8,10,11,15,16,19,16,8,10,3,11,10,6,7,10,6,7,9,7,16,7,23,27,12,10,18,7,4,6,6,7,0,3,3,6,5,8
Units in All Multi-Family Structures,0,0,0,0,0,0,0,0,0,0,0,0,0,0,0,0,2,0,0,0,0,0,0,0,0,0,0,0,0,0,0,0,0,0,0,0,0,0,0
Units in 2-unit Multi-Family Structures,0,0,0,0,0,0,0,0,0,0,0,0,0,0,0,0,2,0,0,0,0,0,0,0,0,0,0,0,0,0,0,0,0,0,0,0,0,0,0
Units in 3- and 4-unit Multi-Family Structures,0,0,0,0,0,0,0,0,0,0,0,0,0,0,0,0,0,0,0,0,0,0,0,0,0,0,0,0,0,0,0,0,0,0,0,0,0,0,0
Units in 5+ Unit Multi-Family Structures,0,0,0,0,0,0,0,0,0,0,0,0,0,0,0,0,0,0,0,0,0,0,0,0,0,0,0,0,0,0,0,0,0,0,0,0,0,0,0
,,,,,,,,,,,,,,,,,,,,,,,,,,,,,,,,,,,,,,,
Housing Unit Building Permits for:,,,,,,,,,,,,,,,,,,,,,,,,,,,,,,,,,,,,,,,
"LOVELL TOWN, ME",,,,,,,,,,,,,,,,,,,,,,,,,,,,,,,,,,,,,,,
(Oxford County),,,,,,,,,,,,,,,,,,,,,,,,,,,,,,,,,,,,,,,
,1980,1981,1982,1983,1984,1985,1986,1987,1988,1989,1990,1991,1992,1993,1994,1995,1996,1997,1998,1999,2000,2001,2002,2003,2004,2005,2006,2007,2008,2009,2010,2011,2012,2013,2014,2015,2016,2017,2018
Total Units,0,0,3,4,4,5,16,19,18,14,11,9,11,13,8,11,8,12,6,16,16,14,21,20,23,20,17,13,9,7,7,5,5,5,5,5,2,2,2
Units in Single-Family Structures,0,0,3,4,4,5,16,19,18,14,11,9,11,13,8,11,8,12,6,16,16,14,21,20,23,20,17,13,9,7,7,5,5,5,5,5,2,2,2
Units in All Multi-Family Structures,0,0,0,0,0,0,0,0,0,0,0,0,0,0,0,0,0,0,0,0,0,0,0,0,0,0,0,0,0,0,0,0,0,0,0,0,0,0,0
Units in 2-unit Multi-Family Structures,0,0,0,0,0,0,0,0,0,0,0,0,0,0,0,0,0,0,0,0,0,0,0,0,0,0,0,0,0,0,0,0,0,0,0,0,0,0,0
Units in 3- and 4-unit Multi-Family Structures,0,0,0,0,0,0,0,0,0,0,0,0,0,0,0,0,0,0,0,0,0,0,0,0,0,0,0,0,0,0,0,0,0,0,0,0,0,0,0
Units in 5+ Unit Multi-Family Structures,0,0,0,0,0,0,0,0,0,0,0,0,0,0,0,0,0,0,0,0,0,0,0,0,0,0,0,0,0,0,0,0,0,0,0,0,0,0,0
,,,,,,,,,,,,,,,,,,,,,,,,,,,,,,,,,,,,,,,
Housing Unit Building Permits for:,,,,,,,,,,,,,,,,,,,,,,,,,,,,,,,,,,,,,,,
"NORWAY TOWN, ME",,,,,,,,,,,,,,,,,,,,,,,,,,,,,,,,,,,,,,,
(Oxford County),,,,,,,,,,,,,,,,,,,,,,,,,,,,,,,,,,,,,,,
,1980,1981,1982,1983,1984,1985,1986,1987,1988,1989,1990,1991,1992,1993,1994,1995,1996,1997,1998,1999,2000,2001,2002,2003,2004,2005,2006,2007,2008,2009,2010,2011,2012,2013,2014,2015,2016,2017,2018
Total Units,0,0,9,9,48,41,38,36,32,15,23,17,15,14,16,15,15,8,10,8,22,23,28,29,37,33,28,21,15,12,13,6,8,5,5,5,5,14,16
Units in Single-Family Structures,0,0,9,9,14,16,38,36,30,15,21,17,15,14,16,15,15,8,10,8,22,23,28,29,37,33,28,21,15,12,13,6,8,5,5,5,5,14,16
Units in All Multi-Family Structures,0,0,0,0,34,25,0,0,2,0,2,0,0,0,0,0,0,0,0,0,0,0,0,0,0,0,0,0,0,0,0,0,0,0,0,0,0,0,0
Units in 2-unit Multi-Family Structures,0,0,0,0,0,0,0,0,2,0,2,0,0,0,0,0,0,0,0,0,0,0,0,0,0,0,0,0,0,0,0,0,0,0,0,0,0,0,0
Units in 3- and 4-unit Multi-Family Structures,0,0,0,0,34,0,0,0,0,0,0,0,0,0,0,0,0,0,0,0,0,0,0,0,0,0,0,0,0,0,0,0,0,0,0,0,0,0,0
Units in 5+ Unit Multi-Family Structures,0,0,0,0,0,25,0,0,0,0,0,0,0,0,0,0,0,0,0,0,0,0,0,0,0,0,0,0,0,0,0,0,0,0,0,0,0,0,0
,,,,,,,,,,,,,,,,,,,,,,,,,,,,,,,,,,,,,,,
Housing Unit Building Permits for:,,,,,,,,,,,,,,,,,,,,,,,,,,,,,,,,,,,,,,,
"OTISFIELD TOWN, ME",,,,,,,,,,,,,,,,,,,,,,,,,,,,,,,,,,,,,,,
(Oxford County),,,,,,,,,,,,,,,,,,,,,,,,,,,,,,,,,,,,,,,
,1980,1981,1982,1983,1984,1985,1986,1987,1988,1989,1990,1991,1992,1993,1994,1995,1996,1997,1998,1999,2000,2001,2002,2003,2004,2005,2006,2007,2008,2009,2010,2011,2012,2013,2014,2015,2016,2017,2018
Total Units,0,10,7,16,13,18,14,31,29,13,10,9,7,9,6,7,6,7,6,7,6,5,11,19,3,38,35,17,12,11,4,9,4,2,7,5,11,15,7
Units in Single-Family Structures,0,8,7,16,13,18,14,31,29,13,10,7,7,9,6,7,6,7,6,7,6,5,11,17,3,38,35,17,12,11,4,9,4,2,7,5,11,15,7
Units in All Multi-Family Structures,0,2,0,0,0,0,0,0,0,0,0,2,0,0,0,0,0,0,0,0,0,0,0,2,0,0,0,0,0,0,0,0,0,0,0,0,0,0,0
Units in 2-unit Multi-Family Structures,0,2,0,0,0,0,0,0,0,0,0,2,0,0,0,0,0,0,0,0,0,0,0,2,0,0,0,0,0,0,0,0,0,0,0,0,0,0,0
Units in 3- and 4-unit Multi-Family Structures,0,0,0,0,0,0,0,0,0,0,0,0,0,0,0,0,0,0,0,0,0,0,0,0,0,0,0,0,0,0,0,0,0,0,0,0,0,0,0
Units in 5+ Unit Multi-Family Structures,0,0,0,0,0,0,0,0,0,0,0,0,0,0,0,0,0,0,0,0,0,0,0,0,0,0,0,0,0,0,0,0,0,0,0,0,0,0,0
,,,,,,,,,,,,,,,,,,,,,,,,,,,,,,,,,,,,,,,
Housing Unit Building Permits for:,,,,,,,,,,,,,,,,,,,,,,,,,,,,,,,,,,,,,,,
"STONEHAM TOWN, ME",,,,,,,,,,,,,,,,,,,,,,,,,,,,,,,,,,,,,,,
(Oxford County),,,,,,,,,,,,,,,,,,,,,,,,,,,,,,,,,,,,,,,
,1980,1981,1982,1983,1984,1985,1986,1987,1988,1989,1990,1991,1992,1993,1994,1995,1996,1997,1998,1999,2000,2001,2002,2003,2004,2005,2006,2007,2008,2009,2010,2011,2012,2013,2014,2015,2016,2017,2018
Total Units,0,0,0,0,0,0,0,0,0,0,0,0,0,0,2,3,3,7,0,2,4,8,9,6,6,6,7,5,2,2,1,2,2,3,3,3,3,4,4
Units in Single-Family Structures,0,0,0,0,0,0,0,0,0,0,0,0,0,0,2,3,3,7,0,2,2,8,9,6,6,6,7,5,2,2,1,2,2,3,3,3,3,4,4
Units in All Multi-Family Structures,0,0,0,0,0,0,0,0,0,0,0,0,0,0,0,0,0,0,0,0,2,0,0,0,0,0,0,0,0,0,0,0,0,0,0,0,0,0,0
Units in 2-unit Multi-Family Structures,0,0,0,0,0,0,0,0,0,0,0,0,0,0,0,0,0,0,0,0,2,0,0,0,0,0,0,0,0,0,0,0,0,0,0,0,0,0,0
Units in 3- and 4-unit Multi-Family Structures,0,0,0,0,0,0,0,0,0,0,0,0,0,0,0,0,0,0,0,0,0,0,0,0,0,0,0,0,0,0,0,0,0,0,0,0,0,0,0
Units in 5+ Unit Multi-Family Structures,0,0,0,0,0,0,0,0,0,0,0,0,0,0,0,0,0,0,0,0,0,0,0,0,0,0,0,0,0,0,0,0,0,0,0,0,0,0,0
,,,,,,,,,,,,,,,,,,,,,,,,,,,,,,,,,,,,,,,
Housing Unit Building Permits for:,,,,,,,,,,,,,,,,,,,,,,,,,,,,,,,,,,,,,,,
"SWEDEN TOWN, ME",,,,,,,,,,,,,,,,,,,,,,,,,,,,,,,,,,,,,,,
(Oxford County),,,,,,,,,,,,,,,,,,,,,,,,,,,,,,,,,,,,,,,
,1980,1981,1982,1983,1984,1985,1986,1987,1988,1989,1990,1991,1992,1993,1994,1995,1996,1997,1998,1999,2000,2001,2002,2003,2004,2005,2006,2007,2008,2009,2010,2011,2012,2013,2014,2015,2016,2017,2018
Total Units,0,0,0,6,5,2,5,6,13,4,3,3,6,3,6,6,4,4,6,5,4,3,8,6,12,5,7,6,8,2,2,4,3,1,3,1,1,3,3
Units in Single-Family Structures,0,0,0,6,5,2,5,6,13,4,3,3,6,3,4,4,4,4,6,5,4,3,8,6,12,5,7,6,8,2,2,4,3,1,3,1,1,3,3
Units in All Multi-Family Structures,0,0,0,0,0,0,0,0,0,0,0,0,0,0,2,2,0,0,0,0,0,0,0,0,0,0,0,0,0,0,0,0,0,0,0,0,0,0,0
Units in 2-unit Multi-Family Structures,0,0,0,0,0,0,0,0,0,0,0,0,0,0,2,2,0,0,0,0,0,0,0,0,0,0,0,0,0,0,0,0,0,0,0,0,0,0,0
Units in 3- and 4-unit Multi-Family Structures,0,0,0,0,0,0,0,0,0,0,0,0,0,0,0,0,0,0,0,0,0,0,0,0,0,0,0,0,0,0,0,0,0,0,0,0,0,0,0
Units in 5+ Unit Multi-Family Structures,0,0,0,0,0,0,0,0,0,0,0,0,0,0,0,0,0,0,0,0,0,0,0,0,0,0,0,0,0,0,0,0,0,0,0,0,0,0,0
,,,,,,,,,,,,,,,,,,,,,,,,,,,,,,,,,,,,,,,
Housing Unit Building Permits for:,,,,,,,,,,,,,,,,,,,,,,,,,,,,,,,,,,,,,,,
"WATERFORD TOWN, ME",,,,,,,,,,,,,,,,,,,,,,,,,,,,,,,,,,,,,,,
(Oxford County),,,,,,,,,,,,,,,,,,,,,,,,,,,,,,,,,,,,,,,
,1980,1981,1982,1983,1984,1985,1986,1987,1988,1989,1990,1991,1992,1993,1994,1995,1996,1997,1998,1999,2000,2001,2002,2003,2004,2005,2006,2007,2008,2009,2010,2011,2012,2013,2014,2015,2016,2017,2018
Total Units,0,0,0,0,0,0,0,0,0,0,0,0,0,0,5,7,7,7,13,13,8,9,9,7,7,14,12,9,5,4,5,4,7,9,9,8,9,5,11
Units in Single-Family Structures,0,0,0,0,0,0,0,0,0,0,0,0,0,0,5,7,7,7,13,13,8,9,9,7,7,14,12,9,5,4,5,4,7,9,9,8,9,5,11
Units in All Multi-Family Structures,0,0,0,0,0,0,0,0,0,0,0,0,0,0,0,0,0,0,0,0,0,0,0,0,0,0,0,0,0,0,0,0,0,0,0,0,0,0,0
Units in 2-unit Multi-Family Structures,0,0,0,0,0,0,0,0,0,0,0,0,0,0,0,0,0,0,0,0,0,0,0,0,0,0,0,0,0,0,0,0,0,0,0,0,0,0,0
Units in 3- and 4-unit Multi-Family Structures,0,0,0,0,0,0,0,0,0,0,0,0,0,0,0,0,0,0,0,0,0,0,0,0,0,0,0,0,0,0,0,0,0,0,0,0,0,0,0
Units in 5+ Unit Multi-Family Structures,0,0,0,0,0,0,0,0,0,0,0,0,0,0,0,0,0,0,0,0,0,0,0,0,0,0,0,0,0,0,0,0,0,0,0,0,0,0,0
,,,,,,,,,,,,,,,,,,,,,,,,,,,,,,,,,,,,,,,
Housing Unit Building Permits for:,,,,,,,,,,,,,,,,,,,,,,,,,,,,,,,,,,,,,,,
"BATH, ME",,,,,,,,,,,,,,,,,,,,,,,,,,,,,,,,,,,,,,,
(Sagadahoc County),,,,,,,,,,,,,,,,,,,,,,,,,,,,,,,,,,,,,,,
,1980,1981,1982,1983,1984,1985,1986,1987,1988,1989,1990,1991,1992,1993,1994,1995,1996,1997,1998,1999,2000,2001,2002,2003,2004,2005,2006,2007,2008,2009,2010,2011,2012,2013,2014,2015,2016,2017,2018
Total Units,5,4,22,20,25,10,14,68,71,14,35,11,15,16,15,19,10,10,7,9,11,3,14,13,7,17,20,5,3,3,4,0,5,2,2,1,18,8,12
Units in Single-Family Structures,5,4,8,10,9,8,14,55,23,10,9,11,15,16,3,7,10,10,7,5,11,3,10,13,7,15,12,5,3,3,4,0,5,2,2,1,2,8,0
Units in All Multi-Family Structures,0,0,14,10,16,2,0,13,48,4,26,0,0,0,12,12,0,0,0,4,0,0,4,0,0,2,8,0,0,0,0,0,0,0,0,0,16,0,12
Units in 2-unit Multi-Family Structures,0,0,8,10,2,2,0,6,4,4,2,0,0,0,0,0,0,0,0,4,0,0,4,0,0,2,2,0,0,0,0,0,0,0,0,0,0,0,2
Units in 3- and 4-unit Multi-Family Structures,0,0,0,0,7,0,0,7,24,0,0,0,0,0,0,0,0,0,0,0,0,0,0,0,0,0,0,0,0,0,0,0,0,0,0,0,0,0,0
Units in 5+ Unit Multi-Family Structures,0,0,6,0,7,0,0,0,20,0,24,0,0,0,12,12,0,0,0,0,0,0,0,0,0,0,6,0,0,0,0,0,0,0,0,0,16,0,10
,,,,,,,,,,,,,,,,,,,,,,,,,,,,,,,,,,,,,,,
Housing Unit Building Permits for:,,,,,,,,,,,,,,,,,,,,,,,,,,,,,,,,,,,,,,,
"PHIPPSBURG TOWN, ME",,,,,,,,,,,,,,,,,,,,,,,,,,,,,,,,,,,,,,,
(Sagadahoc County),,,,,,,,,,,,,,,,,,,,,,,,,,,,,,,,,,,,,,,
,1980,1981,1982,1983,1984,1985,1986,1987,1988,1989,1990,1991,1992,1993,1994,1995,1996,1997,1998,1999,2000,2001,2002,2003,2004,2005,2006,2007,2008,2009,2010,2011,2012,2013,2014,2015,2016,2017,2018
Total Units,13,10,40,16,17,18,25,28,23,37,18,10,13,26,32,29,20,17,17,18,17,18,20,20,20,20,18,15,11,16,16,11,12,8,12,9,10,9,9
Units in Single-Family Structures,13,10,40,16,17,18,23,28,23,33,18,10,13,26,32,29,20,17,17,18,17,18,20,20,20,20,18,15,11,16,16,11,12,8,12,9,10,9,9
Units in All Multi-Family Structures,0,0,0,0,0,0,2,0,0,4,0,0,0,0,0,0,0,0,0,0,0,0,0,0,0,0,0,0,0,0,0,0,0,0,0,0,0,0,0
Units in 2-unit Multi-Family Structures,0,0,0,0,0,0,2,0,0,4,0,0,0,0,0,0,0,0,0,0,0,0,0,0,0,0,0,0,0,0,0,0,0,0,0,0,0,0,0
Units in 3- and 4-unit Multi-Family Structures,0,0,0,0,0,0,0,0,0,0,0,0,0,0,0,0,0,0,0,0,0,0,0,0,0,0,0,0,0,0,0,0,0,0,0,0,0,0,0
Units in 5+ Unit Multi-Family Structures,0,0,0,0,0,0,0,0,0,0,0,0,0,0,0,0,0,0,0,0,0,0,0,0,0,0,0,0,0,0,0,0,0,0,0,0,0,0,0
,,,,,,,,,,,,,,,,,,,,,,,,,,,,,,,,,,,,,,,
Housing Unit Building Permits for:,,,,,,,,,,,,,,,,,,,,,,,,,,,,,,,,,,,,,,,
"WEST BATH TOWN, ME",,,,,,,,,,,,,,,,,,,,,,,,,,,,,,,,,,,,,,,
(Sagadahoc County),,,,,,,,,,,,,,,,,,,,,,,,,,,,,,,,,,,,,,,
,1980,1981,1982,1983,1984,1985,1986,1987,1988,1989,1990,1991,1992,1993,1994,1995,1996,1997,1998,1999,2000,2001,2002,2003,2004,2005,2006,2007,2008,2009,2010,2011,2012,2013,2014,2015,2016,2017,2018
Total Units,13,8,24,13,41,15,15,31,25,22,35,12,26,26,52,12,7,1,3,2,1,0,0,6,3,9,14,11,10,15,14,5,6,5,7,5,6,6,6
Units in Single-Family Structures,13,8,24,13,41,15,15,31,25,22,35,12,26,26,52,12,7,1,3,2,1,0,0,6,3,9,14,11,10,15,14,5,6,5,7,5,6,6,6
Units in All Multi-Family Structures,0,0,0,0,0,0,0,0,0,0,0,0,0,0,0,0,0,0,0,0,0,0,0,0,0,0,0,0,0,0,0,0,0,0,0,0,0,0,0
Units in 2-unit Multi-Family Structures,0,0,0,0,0,0,0,0,0,0,0,0,0,0,0,0,0,0,0,0,0,0,0,0,0,0,0,0,0,0,0,0,0,0,0,0,0,0,0
Units in 3- and 4-unit Multi-Family Structures,0,0,0,0,0,0,0,0,0,0,0,0,0,0,0,0,0,0,0,0,0,0,0,0,0,0,0,0,0,0,0,0,0,0,0,0,0,0,0
Units in 5+ Unit Multi-Family Structures,0,0,0,0,0,0,0,0,0,0,0,0,0,0,0,0,0,0,0,0,0,0,0,0,0,0,0,0,0,0,0,0,0,0,0,0,0,0,0
,,,,,,,,,,,,,,,,,,,,,,,,,,,,,,,,,,,,,,,
Housing Unit Building Permits for:,,,,,,,,,,,,,,,,,,,,,,,,,,,,,,,,,,,,,,,
"BUXTON TOWN, ME",,,,,,,,,,,,,,,,,,,,,,,,,,,,,,,,,,,,,,,
(York County),,,,,,,,,,,,,,,,,,,,,,,,,,,,,,,,,,,,,,,
,1980,1981,1982,1983,1984,1985,1986,1987,1988,1989,1990,1991,1992,1993,1994,1995,1996,1997,1998,1999,2000,2001,2002,2003,2004,2005,2006,2007,2008,2009,2010,2011,2012,2013,2014,2015,2016,2017,2018
Total Units,44,36,28,45,54,39,38,51,48,43,23,18,40,48,37,35,36,45,50,42,42,44,41,82,76,58,33,23,13,16,12,10,15,21,19,24,23,22,21
Units in Single-Family Structures,44,36,28,45,54,39,36,47,44,43,23,18,40,48,35,35,32,45,50,42,42,42,41,80,68,50,33,23,13,14,12,10,15,21,19,24,23,22,21
Units in All Multi-Family Structures,0,0,0,0,0,0,2,4,4,0,0,0,0,0,2,0,4,0,0,0,0,2,0,2,8,8,0,0,0,2,0,0,0,0,0,0,0,0,0
Units in 2-unit Multi-Family Structures,0,0,0,0,0,0,2,4,4,0,0,0,0,0,2,0,4,0,0,0,0,2,0,2,8,8,0,0,0,2,0,0,0,0,0,0,0,0,0
Units in 3- and 4-unit Multi-Family Structures,0,0,0,0,0,0,0,0,0,0,0,0,0,0,0,0,0,0,0,0,0,0,0,0,0,0,0,0,0,0,0,0,0,0,0,0,0,0,0
Units in 5+ Unit Multi-Family Structures,0,0,0,0,0,0,0,0,0,0,0,0,0,0,0,0,0,0,0,0,0,0,0,0,0,0,0,0,0,0,0,0,0,0,0,0,0,0,0
,,,,,,,,,,,,,,,,,,,,,,,,,,,,,,,,,,,,,,,
Housing Unit Building Permits for:,,,,,,,,,,,,,,,,,,,,,,,,,,,,,,,,,,,,,,,
"SACO, ME",,,,,,,,,,,,,,,,,,,,,,,,,,,,,,,,,,,,,,,
(York County),,,,,,,,,,,,,,,,,,,,,,,,,,,,,,,,,,,,,,,
,1980,1981,1982,1983,1984,1985,1986,1987,1988,1989,1990,1991,1992,1993,1994,1995,1996,1997,1998,1999,2000,2001,2002,2003,2004,2005,2006,2007,2008,2009,2010,2011,2012,2013,2014,2015,2016,2017,2018
Total Units,52,75,57,90,145,164,341,235,129,97,76,73,72,58,79,59,67,78,174,94,107,119,138,108,149,161,100,72,40,56,60,72,82,64,63,80,105,89,154
Units in Single-Family Structures,45,46,33,78,80,142,123,122,84,56,68,67,64,54,69,51,65,76,130,94,103,113,112,96,135,130,86,64,32,51,49,38,51,62,50,55,63,69,87
Units in All Multi-Family Structures,7,29,24,12,65,22,218,113,45,41,8,6,8,4,10,8,2,2,44,0,4,6,26,12,14,31,14,8,8,5,11,34,31,2,13,25,42,20,67
Units in 2-unit Multi-Family Structures,0,0,0,0,0,10,84,30,30,22,8,6,8,4,10,8,2,2,8,0,4,6,14,8,14,16,10,8,8,2,0,4,0,2,2,12,12,6,8
Units in 3- and 4-unit Multi-Family Structures,0,4,0,0,3,0,31,4,3,0,0,0,0,0,0,0,0,0,0,0,0,0,12,4,0,0,4,0,0,3,0,0,0,0,0,0,0,0,3
Units in 5+ Unit Multi-Family Structures,7,25,24,12,62,12,103,79,12,19,0,0,0,0,0,0,0,0,36,0,0,0,0,0,0,15,0,0,0,0,11,30,31,0,11,13,30,14,56
,,,,,,,,,,,,,,,,,,,,,,,,,,,,,,,,,,,,,,,
